Video_id,Start_Time,End_Time,Spatial,Informational,Experiential,Causality
w8uHwFCHiE0,306,316,,dog_like_mammal,,
w8uHwFCHiE0,306,316,,rabbit,,
w8uHwFCHiE0,306,316,,fauna,,
w8uHwFCHiE0,306,316,,dog_breed,,
w8uHwFCHiE0,306,316,,dog,,
w8uHwFCHiE0,306,316,,fur,,
w8uHwFCHiE0,306,316,,angora,,
w8uHwFCHiE0,306,316,,leg,,
w8uHwFCHiE0,306,316,,nose,,
w8uHwFCHiE0,306,316,,finger,,
w8uHwFCHiE0,306,316,,dog_breed_group,,
w8uHwFCHiE0,306,316,,nail,,
w8uHwFCHiE0,306,316,,hand,,
w8uHwFCHiE0,306,316,,skin,,
w8uHwFCHiE0,306,316,,petting_cat,,
w8uHwFCHiE0,306,316,,foot,,
w8uHwFCHiE0,306,316,,whiskers,,
w8uHwFCHiE0,306,316,,mammal,,
w8uHwFCHiE0,306,316,,small_to_medium_sized_cats,,
w8uHwFCHiE0,306,316,,vertebrate,,
w8uHwFCHiE0,306,316,,cat,,
w8uHwFCHiE0,306,316,,white,,
aqyVzWfPLdo,4,14,,winter,,
aqyVzWfPLdo,4,14,,ice,,
aqyVzWfPLdo,4,14,,winter_sport,,
aqyVzWfPLdo,4,14,rink,,,
aqyVzWfPLdo,4,14,,speedskater,,
aqyVzWfPLdo,4,14,,,recreation,
aqyVzWfPLdo,4,14,,bandy,,
aqyVzWfPLdo,4,14,,,skating,
aqyVzWfPLdo,4,14,,,speed_skating,
aqyVzWfPLdo,4,14,,snow,,
aqyVzWfPLdo,4,14,,ice_skate,,
aqyVzWfPLdo,4,14,,,ice_skating,
aqyVzWfPLdo,4,14,,fun,,
aqyVzWfPLdo,4,14,ice_rink,,,
0lOnTdl9PP8,433,443,,picture_frame,,
0lOnTdl9PP8,433,443,,nail_care,,
0lOnTdl9PP8,433,443,,square,,
0lOnTdl9PP8,433,443,,manicure,,
0lOnTdl9PP8,433,443,floor,,,
0lOnTdl9PP8,433,443,,design,,
0lOnTdl9PP8,433,443,,,ring,
0lOnTdl9PP8,433,443,,text,,
0lOnTdl9PP8,433,443,,material,,
0lOnTdl9PP8,433,443,,art,,
0lOnTdl9PP8,433,443,,font,,
0lOnTdl9PP8,433,443,,arm,,
0lOnTdl9PP8,433,443,,toe,,
0lOnTdl9PP8,433,443,,paper,,
0lOnTdl9PP8,433,443,,wrist,,
0lOnTdl9PP8,433,443,,sandal,,
0lOnTdl9PP8,433,443,,product,,
0lOnTdl9PP8,433,443,,shoe,,
0lOnTdl9PP8,433,443,,leg,,
0lOnTdl9PP8,433,443,,triangle,,
0lOnTdl9PP8,433,443,,finger,,
0lOnTdl9PP8,433,443,,footwear,,
0lOnTdl9PP8,433,443,,nail,,
0lOnTdl9PP8,433,443,,hand,,
0lOnTdl9PP8,433,443,,jewellery,,
0lOnTdl9PP8,433,443,,brand,,
0lOnTdl9PP8,433,443,,foot,,
0lOnTdl9PP8,433,443,,angle,,
E65cVBcCjAs,27,37,,,dance,
E65cVBcCjAs,27,37,,,choreography,
E65cVBcCjAs,27,37,,,recreation,
E65cVBcCjAs,27,37,,girl,,
E65cVBcCjAs,27,37,,,modern_dance,
E65cVBcCjAs,27,37,,,fun,
E65cVBcCjAs,27,37,,,event,
E65cVBcCjAs,27,37,musical_theatre,,,
E65cVBcCjAs,27,37,,public_event,public_event,
E65cVBcCjAs,27,37,,capoeira,capoeira,
E65cVBcCjAs,27,37,,theatre,theatre,
E65cVBcCjAs,27,37,,,competition,
E65cVBcCjAs,27,37,stage,,,
E65cVBcCjAs,27,37,,contact_sport,,
E65cVBcCjAs,27,37,,,performance,
E65cVBcCjAs,27,37,,dancer,,
E65cVBcCjAs,27,37,,entertainment,entertainment,
E65cVBcCjAs,27,37,,performance_art,,
E65cVBcCjAs,27,37,,performing_arts,,
E65cVBcCjAs,27,37,,acting,acting,
E65cVBcCjAs,27,37,,drama,drama,
E65cVBcCjAs,27,37,,little_theater,,
E65cVBcCjAs,27,37,,choreographer,,
E65cVBcCjAs,27,37,,competition_event,competition_event,
6frzZGignCo,51,61,,technology,,
6frzZGignCo,51,61,,shelf,,
6frzZGignCo,51,61,,building_cabinet,,
6frzZGignCo,51,61,,,shelving,
6frzZGignCo,51,61,,job,job,
6frzZGignCo,51,61,,product,,
6frzZGignCo,51,61,,electronic_device,,
6frzZGignCo,51,61,,furniture,,
6frzZGignCo,51,61,,t_shirt,,
6frzZGignCo,51,61,,service,service,
Ra2Zz6fMbcM,76,86,,drink,,
Ra2Zz6fMbcM,76,86,restaurant,,,
Ra2Zz6fMbcM,76,86,,girl,,
Ra2Zz6fMbcM,76,86,,,fun,
Ra2Zz6fMbcM,76,86,,alcohol,,
Ra2Zz6fMbcM,76,86,,technology,,
Ra2Zz6fMbcM,76,86,,beer,,
Ra2Zz6fMbcM,76,86,,disc_jockey,,
Ra2Zz6fMbcM,76,86,,product,,
Ra2Zz6fMbcM,76,86,,distilled_beverage,,
Ra2Zz6fMbcM,76,86,,muscle,,
Ra2Zz6fMbcM,76,86,pub,,,
Ra2Zz6fMbcM,76,86,,water,,
Ra2Zz6fMbcM,76,86,,bartender,,
Ra2Zz6fMbcM,76,86,,glass,,
Ra2Zz6fMbcM,76,86,,communication,communication,
Ra2Zz6fMbcM,76,86,,,pouring_beer,
Ra2Zz6fMbcM,76,86,,audio,,
Ra2Zz6fMbcM,76,86,,bar,,
Ra2Zz6fMbcM,76,86,,drinkware,,
Ra2Zz6fMbcM,76,86,,bottle,,
Ra2Zz6fMbcM,76,86,,,smile,
Gl-rRsaMEY0,37,47,,boy,,
Gl-rRsaMEY0,37,47,,soup_strainer,,
Gl-rRsaMEY0,37,47,,girl,,
Gl-rRsaMEY0,37,47,,toothbrush,,
Gl-rRsaMEY0,37,47,,,fun,
Gl-rRsaMEY0,37,47,,ice_lolly,,
Gl-rRsaMEY0,37,47,,toddler,,
Gl-rRsaMEY0,37,47,,face,,
Gl-rRsaMEY0,37,47,,forehead,,
Gl-rRsaMEY0,37,47,,tooth,,
Gl-rRsaMEY0,37,47,,product,,
Gl-rRsaMEY0,37,47,,chin,,
Gl-rRsaMEY0,37,47,,cheek,,
Gl-rRsaMEY0,37,47,,nose,,
Gl-rRsaMEY0,37,47,,finger,,
Gl-rRsaMEY0,37,47,,,brushing_teeth,
Gl-rRsaMEY0,37,47,,human_hair_color,,
Gl-rRsaMEY0,37,47,,,painting,
Gl-rRsaMEY0,37,47,,child,,
Gl-rRsaMEY0,37,47,,eye,,
Gl-rRsaMEY0,37,47,,skin,,
Gl-rRsaMEY0,37,47,,head,,
Gl-rRsaMEY0,37,47,,infant,,
Gl-rRsaMEY0,37,47,,hair,,
Gl-rRsaMEY0,37,47,,,play,
Gl-rRsaMEY0,37,47,,lip,,
Gl-rRsaMEY0,37,47,,,smile,
Gl-rRsaMEY0,37,47,,,eating,
8hP1sDbAnZ4,37,47,,games,games,
8hP1sDbAnZ4,37,47,,championship,championship,
8hP1sDbAnZ4,37,47,,,recreation,
8hP1sDbAnZ4,37,47,,athlete,,
8hP1sDbAnZ4,37,47,,girl,,
8hP1sDbAnZ4,37,47,,audience,,
8hP1sDbAnZ4,37,47,,,fun,
8hP1sDbAnZ4,37,47,,fan,,
8hP1sDbAnZ4,37,47,,,event,
8hP1sDbAnZ4,37,47,,team_sport,,
8hP1sDbAnZ4,37,47,,team,,
8hP1sDbAnZ4,37,47,,product,,
8hP1sDbAnZ4,37,47,,football_player,,
8hP1sDbAnZ4,37,47,,muscle,,
8hP1sDbAnZ4,37,47,,cheerleader,,
8hP1sDbAnZ4,37,47,,basketball,basketball,
8hP1sDbAnZ4,37,47,,competition,competition,
8hP1sDbAnZ4,37,47,,contact_sport,contact_sport,
8hP1sDbAnZ4,37,47,,player,,
8hP1sDbAnZ4,37,47,,ball_game,ball_game,
8hP1sDbAnZ4,37,47,,thigh,,
8hP1sDbAnZ4,37,47,,,cheering,
8hP1sDbAnZ4,37,47,stadium,,,
8hP1sDbAnZ4,37,47,,,cheerleading,
8hP1sDbAnZ4,37,47,sport_venue,,,
8hP1sDbAnZ4,37,47,,crowd,,
8hP1sDbAnZ4,37,47,,competition_event,competition_event,
8hP1sDbAnZ4,37,47,,,boxing,
8hP1sDbAnZ4,37,47,,sports,sports,
nHgT_9TKyuE,0,10,,foil,,
nHgT_9TKyuE,0,10,,,training,
nHgT_9TKyuE,0,10,,,physical_exercise,
nHgT_9TKyuE,0,10,,,dance,
nHgT_9TKyuE,0,10,,individual_sports,,
nHgT_9TKyuE,0,10,,choreography,choreography,
nHgT_9TKyuE,0,10,,,standing,
nHgT_9TKyuE,0,10,,contact_sport,,
nHgT_9TKyuE,0,10,,combat_sport,,
nHgT_9TKyuE,0,10,,competition_event,,
nHgT_9TKyuE,0,10,,performing_arts,,
nHgT_9TKyuE,0,10,,sports,,
nHgT_9TKyuE,0,10,,,fencing,
nHgT_9TKyuE,0,10,,joint,,
nHgT_9TKyuE,0,10,,fencing_weapon,,
nHgT_9TKyuE,0,10,,weapon_combat_sports,,
RIHBxOKdQcI,225,235,,gadget,,
RIHBxOKdQcI,225,235,,electronics,,
RIHBxOKdQcI,225,235,,technology,,
RIHBxOKdQcI,225,235,,display_device,,
RIHBxOKdQcI,225,235,,video_game_console,,
RIHBxOKdQcI,225,235,,multimedia,,
RIHBxOKdQcI,225,235,,game_controller,,
RIHBxOKdQcI,225,235,,product,,
RIHBxOKdQcI,225,235,,electronic_device,,
RIHBxOKdQcI,225,235,,home_game_console_accessory,,
RIHBxOKdQcI,225,235,,joystick,,
RIHBxOKdQcI,225,235,,control,,
RIHBxOKdQcI,225,235,,playing_controller,,
RIHBxOKdQcI,225,235,,screen,,
6NiKuTcl6JY,201,211,,snapshot,,
6NiKuTcl6JY,201,211,,floor,,
6NiKuTcl6JY,201,211,art_gallery,,,
6NiKuTcl6JY,201,211,,girl,,
6NiKuTcl6JY,201,211,,furniture,,
6NiKuTcl6JY,201,211,,,fun,
6NiKuTcl6JY,201,211,,,playing_basketball,
6NiKuTcl6JY,201,211,,art,,
6NiKuTcl6JY,201,211,,modern_art,,
6NiKuTcl6JY,201,211,,arm,,
6NiKuTcl6JY,201,211,tourist_attraction,tourist_attraction,,
6NiKuTcl6JY,201,211,house,house,,
6NiKuTcl6JY,201,211,apartment,apartment,,
6NiKuTcl6JY,201,211,,muscle,,
6NiKuTcl6JY,201,211,,interior_design,,
6NiKuTcl6JY,201,211,museum,museum,,
6NiKuTcl6JY,201,211,,glass,,
6NiKuTcl6JY,201,211,art_exhibition,art_exhibition,,
6NiKuTcl6JY,201,211,,joint,,
6NiKuTcl6JY,201,211,,door,,
6NiKuTcl6JY,201,211,,plaster,,
6NiKuTcl6JY,201,211,,wall,,
6NiKuTcl6JY,201,211,,,standing,
6NiKuTcl6JY,201,211,home,home,,
6NiKuTcl6JY,201,211,exhibition,exhibition,,
6NiKuTcl6JY,201,211,,flooring,flooring,
6NiKuTcl6JY,201,211,,property,,
6NiKuTcl6JY,201,211,,window,,
6NiKuTcl6JY,201,211,room,room,,
OVBv5sNL2Jc,487,497,,batter,,
OVBv5sNL2Jc,487,497,,wheel,,
OVBv5sNL2Jc,487,497,,photo_caption,,
OVBv5sNL2Jc,487,497,,food,,
OVBv5sNL2Jc,487,497,,space,,
OVBv5sNL2Jc,487,497,,dairy_product,,
OVBv5sNL2Jc,487,497,,dish,,
OVBv5sNL2Jc,487,497,,costume,,
OVBv5sNL2Jc,487,497,,ingredient,,
OVBv5sNL2Jc,487,497,,product,,
OVBv5sNL2Jc,487,497,,cookware_and_bakeware,,
OVBv5sNL2Jc,487,497,,auto_part,,
OVBv5sNL2Jc,487,497,,cream,,
OVBv5sNL2Jc,487,497,,tableware,,
OVBv5sNL2Jc,487,497,,automotive_exterior,,
OVBv5sNL2Jc,487,497,,automotive_tire,,
OVBv5sNL2Jc,487,497,,motor_vehicle,,
OVBv5sNL2Jc,487,497,,metal,,
OVBv5sNL2Jc,487,497,,tire,,
OVBv5sNL2Jc,487,497,,recipe,,
OVBv5sNL2Jc,487,497,,angle,,
OVBv5sNL2Jc,487,497,,cuisine,,
OVBv5sNL2Jc,487,497,,mixture,,
OVBv5sNL2Jc,487,497,,,cooking_egg,
OVBv5sNL2Jc,487,497,,vehicle,,
OVBv5sNL2Jc,487,497,,machine,,
OVBv5sNL2Jc,487,497,,headgear,,
8z6ldEQtRIQ,63,73,,sink,,
8z6ldEQtRIQ,63,73,,bidet,,
8z6ldEQtRIQ,63,73,,floor,,
8z6ldEQtRIQ,63,73,,,plumbing,
8z6ldEQtRIQ,63,73,,toilet_seat,,
8z6ldEQtRIQ,63,73,,outdoor_shoe,,
8z6ldEQtRIQ,63,73,,product,,
8z6ldEQtRIQ,63,73,,shoe,,
8z6ldEQtRIQ,63,73,,public_toilet,,
8z6ldEQtRIQ,63,73,,tile,,
8z6ldEQtRIQ,63,73,,bathroom,,
8z6ldEQtRIQ,63,73,,footwear,,
8z6ldEQtRIQ,63,73,,toilet,,
8z6ldEQtRIQ,63,73,,table,,
8z6ldEQtRIQ,63,73,,foot,,
8z6ldEQtRIQ,63,73,,drinkware,,
8z6ldEQtRIQ,63,73,,plumbing_fixture,plumbing_fixture,
8z6ldEQtRIQ,63,73,,angle,,
8z6ldEQtRIQ,63,73,,,flooring,
8z6ldEQtRIQ,63,73,,,mopping_floor,
8z6ldEQtRIQ,63,73,,vacuum,,
8z6ldEQtRIQ,63,73,,tap,,
8z6ldEQtRIQ,63,73,,still_life_photography,,
7t6fFNX6Wyo,90,100,,musical_instrument,,
7t6fFNX6Wyo,90,100,,garmon,,
7t6fFNX6Wyo,90,100,,bandoneon,,
7t6fFNX6Wyo,90,100,,concertina,,
7t6fFNX6Wyo,90,100,,playing_accordion,playing_accordion,
7t6fFNX6Wyo,90,100,,accordion,,
7t6fFNX6Wyo,90,100,,angle,,
7t6fFNX6Wyo,90,100,,diatonic_button_accordion,,
7t6fFNX6Wyo,90,100,,folk_instrument,,
7t6fFNX6Wyo,90,100,,button_accordion,,
7t6fFNX6Wyo,90,100,,accordionist,,
7t6fFNX6Wyo,90,100,,trikiti,,
7t6fFNX6Wyo,90,100,,free_reed_aerophone,,
7t6fFNX6Wyo,90,100,,event,,
G5pBXTlRzg8,30,40,,wheel,,
G5pBXTlRzg8,30,40,,automotive_wheel_system,,
G5pBXTlRzg8,30,40,,text,,
G5pBXTlRzg8,30,40,,,sitting,
G5pBXTlRzg8,30,40,,fun,,
G5pBXTlRzg8,30,40,,material,,
G5pBXTlRzg8,30,40,,document,,
G5pBXTlRzg8,30,40,,tool,,
G5pBXTlRzg8,30,40,,font,,
G5pBXTlRzg8,30,40,,keyboard,,
G5pBXTlRzg8,30,40,,area,,
G5pBXTlRzg8,30,40,,paper,,
G5pBXTlRzg8,30,40,,product,,
G5pBXTlRzg8,30,40,,checking_tires,checking_tires,
G5pBXTlRzg8,30,40,,finger,,
G5pBXTlRzg8,30,40,,automotive_tire,,
G5pBXTlRzg8,30,40,,car,,
G5pBXTlRzg8,30,40,,nail,,
G5pBXTlRzg8,30,40,,motor_vehicle,,
G5pBXTlRzg8,30,40,,tire,,
G5pBXTlRzg8,30,40,,hand,,
G5pBXTlRzg8,30,40,,logo,,
G5pBXTlRzg8,30,40,,land_vehicle,,
G5pBXTlRzg8,30,40,,brand,,
G5pBXTlRzg8,30,40,,angle,,
G5pBXTlRzg8,30,40,,vehicle,,
G5pBXTlRzg8,30,40,,close_up,,
G5pBXTlRzg8,30,40,,line,,
G5pBXTlRzg8,30,40,,light,,
G5pBXTlRzg8,30,40,,tread,,
G5pBXTlRzg8,30,40,,synthetic_rubber,,
lEQjhTosoDo,0,10,,bow_and_arrow,,
lEQjhTosoDo,0,10,,physical_fitness,,
lEQjhTosoDo,0,10,,ceiling,,
lEQjhTosoDo,0,10,,,recreation,
lEQjhTosoDo,0,10,,daylighting,daylighting,
lEQjhTosoDo,0,10,,fun,fun,
lEQjhTosoDo,0,10,,arm,,
lEQjhTosoDo,0,10,,extreme_sport,,
lEQjhTosoDo,0,10,,muscle,,
lEQjhTosoDo,0,10,,adventure,,
lEQjhTosoDo,0,10,,male,,
lEQjhTosoDo,0,10,,,competition,
lEQjhTosoDo,0,10,,electricity,,
lEQjhTosoDo,0,10,,man,,
lEQjhTosoDo,0,10,,,performance,
lEQjhTosoDo,0,10,,trapeze,,
lEQjhTosoDo,0,10,,,performing_arts,
lEQjhTosoDo,0,10,,,climbing_a_rope,
lEQjhTosoDo,0,10,,electrical_supply,,
lEQjhTosoDo,0,10,,joint,,
lEQjhTosoDo,0,10,roof,roof,,
lEQjhTosoDo,0,10,,structure,,
lEQjhTosoDo,0,10,,,jumping,
lEQjhTosoDo,0,10,,architecture,,
lEQjhTosoDo,0,10,,light,,
lEQjhTosoDo,0,10,,sports,,
lEQjhTosoDo,0,10,,,skateboarding,
UbtJP1yRe0k,1,11,,snapshot,,
UbtJP1yRe0k,1,11,bathtub,bathtub,,
UbtJP1yRe0k,1,11,,washing_machine,,
UbtJP1yRe0k,1,11,,,doing_laundry,
UbtJP1yRe0k,1,11,,toy,,
UbtJP1yRe0k,1,11,,,sitting,
UbtJP1yRe0k,1,11,,toddler,,
UbtJP1yRe0k,1,11,,washer,,
UbtJP1yRe0k,1,11,toilet_seat,,,
UbtJP1yRe0k,1,11,,product,,
UbtJP1yRe0k,1,11,,red,,
UbtJP1yRe0k,1,11,,nose,,
UbtJP1yRe0k,1,11,,home_appliance,,
UbtJP1yRe0k,1,11,,human_hair_color,,
UbtJP1yRe0k,1,11,,toilet,,
UbtJP1yRe0k,1,11,,child,,
UbtJP1yRe0k,1,11,,day,,
UbtJP1yRe0k,1,11,,monochrome_photography,,
UbtJP1yRe0k,1,11,,infant,,
UbtJP1yRe0k,1,11,,clothes_dryer,,
UbtJP1yRe0k,1,11,,,standing,
UbtJP1yRe0k,1,11,,,plumbing_fixture,
UbtJP1yRe0k,1,11,,laundry,,
UbtJP1yRe0k,1,11,,play,,
UbtJP1yRe0k,1,11,,photograph,,
UbtJP1yRe0k,1,11,,major_appliance,,
DzNP2lbGpvo,314,324,,hand,,
DzNP2lbGpvo,314,324,,finger,,
DzNP2lbGpvo,314,324,,box,,
DzNP2lbGpvo,314,324,,,needle_felting,
DzNP2lbGpvo,314,324,,thumb,,
DzNP2lbGpvo,314,324,,product,,
DzNP2lbGpvo,314,324,,close_up,,
DzNP2lbGpvo,314,324,,nail,,
DzNP2lbGpvo,314,324,,lip,,
DzNP2lbGpvo,314,324,,material,,
YhlCu5zZ_Jw,308,318,,food,,
YhlCu5zZ_Jw,308,318,,art,,
YhlCu5zZ_Jw,308,318,,fish,,
YhlCu5zZ_Jw,308,318,,modern_art,,
YhlCu5zZ_Jw,308,318,,dish,,
YhlCu5zZ_Jw,308,318,,paint,,
YhlCu5zZ_Jw,308,318,,acrylic_paint,,
YhlCu5zZ_Jw,308,318,,whales_dolphins_and_porpoises,,
YhlCu5zZ_Jw,308,318,,cookware_and_bakeware,,
YhlCu5zZ_Jw,308,318,,small_appliance,,
YhlCu5zZ_Jw,308,318,,water,,
YhlCu5zZ_Jw,308,318,,home_appliance,,
YhlCu5zZ_Jw,308,318,,organism,,
YhlCu5zZ_Jw,308,318,,marine_mammal,,
YhlCu5zZ_Jw,308,318,,,painting,
YhlCu5zZ_Jw,308,318,,artwork,,
YhlCu5zZ_Jw,308,318,,recipe,,
YhlCu5zZ_Jw,308,318,,cuisine,,
YhlCu5zZ_Jw,308,318,,kitchen_appliance,,
YhlCu5zZ_Jw,308,318,kitchen,,,
YhlCu5zZ_Jw,308,318,,dolphin,,
Q-fBSX6lE-Q,10,20,,games,,
Q-fBSX6lE-Q,10,20,,,recreation,
Q-fBSX6lE-Q,10,20,,toy,,
Q-fBSX6lE-Q,10,20,,fun,,
Q-fBSX6lE-Q,10,20,,art,,
Q-fBSX6lE-Q,10,20,,leisure,,
Q-fBSX6lE-Q,10,20,amusement_park,,,
Q-fBSX6lE-Q,10,20,,product,,
Q-fBSX6lE-Q,10,20,,yellow,,
Q-fBSX6lE-Q,10,20,,red,,
Q-fBSX6lE-Q,10,20,,chute,,
Q-fBSX6lE-Q,10,20,,inflatable,,
Q-fBSX6lE-Q,10,20,,water,,
Q-fBSX6lE-Q,10,20,water_park,,,
Q-fBSX6lE-Q,10,20,playground,,,
Q-fBSX6lE-Q,10,20,,balloon,,
Q-fBSX6lE-Q,10,20,,child,,
Q-fBSX6lE-Q,10,20,park,,,
Q-fBSX6lE-Q,10,20,,,bouncing_on_bouncy_castle,
Q-fBSX6lE-Q,10,20,,play,play,
Q-fBSX6lE-Q,10,20,,festival,,
Q-fBSX6lE-Q,10,20,,amusement_ride,amusement_ride,
l8jDWP1kQHs,5,15,,circle,,
l8jDWP1kQHs,5,15,ceiling,,,
l8jDWP1kQHs,5,15,floor,,,
l8jDWP1kQHs,5,15,,design,,
l8jDWP1kQHs,5,15,,symmetry,,
l8jDWP1kQHs,5,15,,daylighting,,
l8jDWP1kQHs,5,15,,material,,
l8jDWP1kQHs,5,15,,laying_tiles,,
l8jDWP1kQHs,5,15,,font,,
l8jDWP1kQHs,5,15,,paper,,
l8jDWP1kQHs,5,15,,lighting,lighting,
l8jDWP1kQHs,5,15,,product,,
l8jDWP1kQHs,5,15,,finger,,
l8jDWP1kQHs,5,15,,tile,,
l8jDWP1kQHs,5,15,,nail,,
l8jDWP1kQHs,5,15,,hand,,
l8jDWP1kQHs,5,15,,wood,,
l8jDWP1kQHs,5,15,,angle,,
l8jDWP1kQHs,5,15,,,flooring,
l8jDWP1kQHs,5,15,,line,,
l8jDWP1kQHs,5,15,,light,,
QQrjXf4IPIk,2,12,,twig,,
QQrjXf4IPIk,2,12,,mouth,,
QQrjXf4IPIk,2,12,,winter,,
QQrjXf4IPIk,2,12,mountain,,,
QQrjXf4IPIk,2,12,,piste,,
QQrjXf4IPIk,2,12,,ridge,,
QQrjXf4IPIk,2,12,,mountainous_landforms,,
QQrjXf4IPIk,2,12,,technology,,
QQrjXf4IPIk,2,12,,mountaineering,,
QQrjXf4IPIk,2,12,,plant,,
QQrjXf4IPIk,2,12,,winter_sport,,
QQrjXf4IPIk,2,12,,snow,,
QQrjXf4IPIk,2,12,,geological_phenomenon,,
QQrjXf4IPIk,2,12,,,adventure,
QQrjXf4IPIk,2,12,,mountain_range,,
QQrjXf4IPIk,2,12,,sunglasses,,
QQrjXf4IPIk,2,12,,pine_family,,
QQrjXf4IPIk,2,12,,glasses,,
QQrjXf4IPIk,2,12,,personal_protective_equipment,,
QQrjXf4IPIk,2,12,,terrain,,
QQrjXf4IPIk,2,12,,screen,,
QQrjXf4IPIk,2,12,,goggles,,
QQrjXf4IPIk,2,12,,branch,,
QQrjXf4IPIk,2,12,,eyewear,,
QQrjXf4IPIk,2,12,,snorkel,,
QQrjXf4IPIk,2,12,,headgear,,
QQrjXf4IPIk,2,12,,vision_care,,
QQrjXf4IPIk,2,12,,sky,,
QQrjXf4IPIk,2,12,glacial_landform,,,
8-CUyOfIuQI,5,15,,games,,
8-CUyOfIuQI,5,15,floor,,,
8-CUyOfIuQI,5,15,,design,,
8-CUyOfIuQI,5,15,,girl,,
8-CUyOfIuQI,5,15,,chess,,
8-CUyOfIuQI,5,15,,space,,
8-CUyOfIuQI,5,15,,font,,
8-CUyOfIuQI,5,15,,arm,,
8-CUyOfIuQI,5,15,,automotive_design,,
8-CUyOfIuQI,5,15,,human_body,,
8-CUyOfIuQI,5,15,,finger,,
8-CUyOfIuQI,5,15,,crossword_puzzle,,
8-CUyOfIuQI,5,15,,glass,,
8-CUyOfIuQI,5,15,,tile,,
8-CUyOfIuQI,5,15,,nail,,
8-CUyOfIuQI,5,15,,table,,
8-CUyOfIuQI,5,15,,hand,,
8-CUyOfIuQI,5,15,,board_game,,
8-CUyOfIuQI,5,15,,indoor_games_and_sports,,
8-CUyOfIuQI,5,15,,,leatherworking,
8-CUyOfIuQI,5,15,,tabletop_game,,
8-CUyOfIuQI,5,15,,vehicle,,
8-CUyOfIuQI,5,15,,,flooring,
8-CUyOfIuQI,5,15,,chessboard,,
8-CUyOfIuQI,5,15,,pattern,,
zbhfmZGbsy4,206,216,,design,,
zbhfmZGbsy4,206,216,,toy,,
zbhfmZGbsy4,206,216,,text,,
zbhfmZGbsy4,206,216,,cartoon,,
zbhfmZGbsy4,206,216,,material,,
zbhfmZGbsy4,206,216,,,art,
zbhfmZGbsy4,206,216,,,modern_art,
zbhfmZGbsy4,206,216,,font,,
zbhfmZGbsy4,206,216,,,paint,
zbhfmZGbsy4,206,216,,acrylic_paint,,
zbhfmZGbsy4,206,216,,paper,,
zbhfmZGbsy4,206,216,,product,,
zbhfmZGbsy4,206,216,,flower,,
zbhfmZGbsy4,206,216,,yellow,,
zbhfmZGbsy4,206,216,,watercolor_paint,,
zbhfmZGbsy4,206,216,,linens,,
zbhfmZGbsy4,206,216,,pillow,,
zbhfmZGbsy4,206,216,,plastic,,
zbhfmZGbsy4,206,216,,,painting,
zbhfmZGbsy4,206,216,,artwork,,
zbhfmZGbsy4,206,216,,child,,
zbhfmZGbsy4,206,216,,,drawing,
zbhfmZGbsy4,206,216,,pink,,
zbhfmZGbsy4,206,216,,,illustration,
zbhfmZGbsy4,206,216,,textile,,
zbhfmZGbsy4,206,216,,needlework,,
zbhfmZGbsy4,206,216,,,play,
XZ6DNqAYJQk,0,10,,girl,,
XZ6DNqAYJQk,0,10,,face,,
XZ6DNqAYJQk,0,10,,forehead,,
XZ6DNqAYJQk,0,10,,,hair_coloring,
XZ6DNqAYJQk,0,10,,hairstyle,,
XZ6DNqAYJQk,0,10,,bangs,,
XZ6DNqAYJQk,0,10,,chin,,
XZ6DNqAYJQk,0,10,,cheek,,
XZ6DNqAYJQk,0,10,,nose,,
XZ6DNqAYJQk,0,10,,eyelash,,
XZ6DNqAYJQk,0,10,,eyebrow,,
XZ6DNqAYJQk,0,10,,human_hair_color,,
XZ6DNqAYJQk,0,10,,,beauty,
XZ6DNqAYJQk,0,10,,,whistling,
XZ6DNqAYJQk,0,10,,eye,,
XZ6DNqAYJQk,0,10,,long_hair,,
XZ6DNqAYJQk,0,10,,head,,
XZ6DNqAYJQk,0,10,,hair,,
XZ6DNqAYJQk,0,10,,black_hair,,
XZ6DNqAYJQk,0,10,,lip,,
XZ6DNqAYJQk,0,10,,smile,,
XZ6DNqAYJQk,0,10,,brown_hair,,
fNqrMmdODg8,0,10,,hand,,
fNqrMmdODg8,0,10,,,produce,
fNqrMmdODg8,0,10,,knife,,
fNqrMmdODg8,0,10,,,still_life,
fNqrMmdODg8,0,10,,finger,,
fNqrMmdODg8,0,10,,wood,,
fNqrMmdODg8,0,10,,vegetable,,
fNqrMmdODg8,0,10,,local_food,,
fNqrMmdODg8,0,10,,still_life_photography,,
fNqrMmdODg8,0,10,,apple,,
fNqrMmdODg8,0,10,,,cutting_apple,
fNqrMmdODg8,0,10,,nail,,
fNqrMmdODg8,0,10,,fruit,,
fNqrMmdODg8,0,10,,food,,
fNqrMmdODg8,0,10,,hardwood,,
fNqrMmdODg8,0,10,,wood_stain,,
fNqrMmdODg8,0,10,,plywood,,
qQo7AnOxt4c,2,12,,mouth,,
qQo7AnOxt4c,2,12,,computer_wallpaper,,
qQo7AnOxt4c,2,12,,smoke,,
qQo7AnOxt4c,2,12,,flowering_plant,,
qQo7AnOxt4c,2,12,,cotton_candy,,
qQo7AnOxt4c,2,12,,invertebrate,,
qQo7AnOxt4c,2,12,,fish,,
qQo7AnOxt4c,2,12,,magenta,,
qQo7AnOxt4c,2,12,,plant,,
qQo7AnOxt4c,2,12,,violet,,
qQo7AnOxt4c,2,12,,flower,,
qQo7AnOxt4c,2,12,,geological_phenomenon,,
qQo7AnOxt4c,2,12,,water,,
qQo7AnOxt4c,2,12,,pollinator,,
qQo7AnOxt4c,2,12,,finger,,
qQo7AnOxt4c,2,12,,petal,,
qQo7AnOxt4c,2,12,,organism,,
qQo7AnOxt4c,2,12,,purple,,
qQo7AnOxt4c,2,12,,nail,,
qQo7AnOxt4c,2,12,,hand,,
qQo7AnOxt4c,2,12,,flora,,
qQo7AnOxt4c,2,12,,lilac,,
qQo7AnOxt4c,2,12,atmosphere,,,
qQo7AnOxt4c,2,12,,,needle_felting,
qQo7AnOxt4c,2,12,,ice,,
qQo7AnOxt4c,2,12,,knitting,,
qQo7AnOxt4c,2,12,,pink,,
qQo7AnOxt4c,2,12,,,close_up,
qQo7AnOxt4c,2,12,,lip,,
qQo7AnOxt4c,2,12,,macro_photography,,
qQo7AnOxt4c,2,12,sky,,,
gtR5DN8YEHA,114,124,,assembling_computer,,
gtR5DN8YEHA,114,124,,electronics_accessory,,
gtR5DN8YEHA,114,124,,mouth,,
gtR5DN8YEHA,114,124,,invertebrate,,
gtR5DN8YEHA,114,124,,membrane_winged_insect,,
gtR5DN8YEHA,114,124,,technology,,
gtR5DN8YEHA,114,124,,product,,
gtR5DN8YEHA,114,124,,electronic_engineering,,
gtR5DN8YEHA,114,124,,nose,,
gtR5DN8YEHA,114,124,,microcontroller,,
gtR5DN8YEHA,114,124,,beak,,
gtR5DN8YEHA,114,124,,finger,,
gtR5DN8YEHA,114,124,,petal,,
gtR5DN8YEHA,114,124,,organism,,
gtR5DN8YEHA,114,124,,computer_hardware,,
gtR5DN8YEHA,114,124,,io_card,,
gtR5DN8YEHA,114,124,,electronics,,
gtR5DN8YEHA,114,124,,flora,,
gtR5DN8YEHA,114,124,,motherboard,,
gtR5DN8YEHA,114,124,,,darkness,
gtR5DN8YEHA,114,124,,computer_component,,
gtR5DN8YEHA,114,124,,electronic_device,,
gtR5DN8YEHA,114,124,,,close_up,
gtR5DN8YEHA,114,124,,cpu,,
gtR5DN8YEHA,114,124,,,light,
gtR5DN8YEHA,114,124,,personal_computer_hardware,,
gtR5DN8YEHA,114,124,,macro_photography,,
gtR5DN8YEHA,114,124,,insect,,
a5XTwTULTOk,15,25,,,barechestedness,
a5XTwTULTOk,15,25,floor,,,
a5XTwTULTOk,15,25,,woman,,
a5XTwTULTOk,15,25,,blond,,
a5XTwTULTOk,15,25,,girl,,
a5XTwTULTOk,15,25,,furniture,,
a5XTwTULTOk,15,25,,food,,
a5XTwTULTOk,15,25,,,playing_beer_pong,
a5XTwTULTOk,15,25,,lady,,
a5XTwTULTOk,15,25,,t_shirt,,
a5XTwTULTOk,15,25,,,fun,
a5XTwTULTOk,15,25,,arm,,
a5XTwTULTOk,15,25,,countertop,,
a5XTwTULTOk,15,25,,shoe,,
a5XTwTULTOk,15,25,,leg,,
a5XTwTULTOk,15,25,,muscle,,
a5XTwTULTOk,15,25,,human_body,,
a5XTwTULTOk,15,25,,abdomen,,
a5XTwTULTOk,15,25,,interior_design,,
a5XTwTULTOk,15,25,,human_hair_color,,
a5XTwTULTOk,15,25,,footwear,,
a5XTwTULTOk,15,25,,trunk,,
a5XTwTULTOk,15,25,,joint,,
a5XTwTULTOk,15,25,,table,,
a5XTwTULTOk,15,25,,meal,,
a5XTwTULTOk,15,25,,,standing,
a5XTwTULTOk,15,25,,hair,,
a5XTwTULTOk,15,25,,,flooring,
a5XTwTULTOk,15,25,,kitchen,,
a5XTwTULTOk,15,25,,hardwood,,
a5XTwTULTOk,15,25,room,,,
BLNK8QuZucc,174,184,,design,,
BLNK8QuZucc,174,184,,dress,,
BLNK8QuZucc,174,184,,,recreation,
BLNK8QuZucc,174,184,,girl,,
BLNK8QuZucc,174,184,,,fun,
BLNK8QuZucc,174,184,,event,,
BLNK8QuZucc,174,184,,arm,,
BLNK8QuZucc,174,184,,leisure,,
BLNK8QuZucc,174,184,,hip,,
BLNK8QuZucc,174,184,,costume,,
BLNK8QuZucc,174,184,,product,,
BLNK8QuZucc,174,184,,hairstyle,,
BLNK8QuZucc,174,184,,,belly_dancing,
BLNK8QuZucc,174,184,,leg,,
BLNK8QuZucc,174,184,,fashion_model,,
BLNK8QuZucc,174,184,,abdomen,,
BLNK8QuZucc,174,184,,,interaction,
BLNK8QuZucc,174,184,,finger,,
BLNK8QuZucc,174,184,,glass,,
BLNK8QuZucc,174,184,,,performance,
BLNK8QuZucc,174,184,,human_hair_color,,
BLNK8QuZucc,174,184,,thigh,,
BLNK8QuZucc,174,184,,trunk,,
BLNK8QuZucc,174,184,,photo_shoot,,
BLNK8QuZucc,174,184,,joint,,
BLNK8QuZucc,174,184,,long_hair,,
BLNK8QuZucc,174,184,,,clothing,
BLNK8QuZucc,174,184,,pink,,
BLNK8QuZucc,174,184,,black_hair,,
BLNK8QuZucc,174,184,,,smile,
GkSEuJERZ_I,4,14,,electric_blue,,
GkSEuJERZ_I,4,14,,computer_wallpaper,,
GkSEuJERZ_I,4,14,,,recreation,
GkSEuJERZ_I,4,14,,symmetry,,
GkSEuJERZ_I,4,14,,,bowling_pin,
GkSEuJERZ_I,4,14,,neon,,
GkSEuJERZ_I,4,14,,disco,,
GkSEuJERZ_I,4,14,,,bowling,
GkSEuJERZ_I,4,14,,,lighting,
GkSEuJERZ_I,4,14,,water,,
GkSEuJERZ_I,4,14,,bowling_equipment,,
GkSEuJERZ_I,4,14,stage,,,
GkSEuJERZ_I,4,14,,laser,,
GkSEuJERZ_I,4,14,,,night,
GkSEuJERZ_I,4,14,,individual_sports,,
GkSEuJERZ_I,4,14,,ball_game,,
GkSEuJERZ_I,4,14,,,entertainment,
GkSEuJERZ_I,4,14,sport_venue,,,
GkSEuJERZ_I,4,14,,blue,,
GkSEuJERZ_I,4,14,atmosphere,,,
GkSEuJERZ_I,4,14,,fixed_link,,
GkSEuJERZ_I,4,14,,,bowling_ball,
GkSEuJERZ_I,4,14,,,darkness,
GkSEuJERZ_I,4,14,,,light,
GkSEuJERZ_I,4,14,,marine_biology,,
GkSEuJERZ_I,4,14,sky,,,
